,LOOIC,SE
SM (I)S (E)S,4566.564303543038,109.32715556390247
PM (I)P (E)P,4173.916057222708,110.87193624061885
HM (I)P+S (E)P+S 2beta,3367.4090293169215,104.56243091881598
