,LOOIC,SE
Hybrid,3622.468903432664,108.058490591683
Simple,4613.212917357812,109.43813925932812
Planning,5006.036808007548,117.5088813936834
